Address,Date,Minimum Temperature,Maximum Temperature,Temperature,Dew Point,Relative Humidity,Heat Index,Wind Speed,Wind Gust,Wind Direction,Precipitation,Precipitation Cover,Snow Depth,Visibility,Cloud Cover,Sea Level Pressure,Weather Type,Latitude,Longitude,Resolved Address,Info
"10023",01/01/2017,41.1,47.2,44.5,22.2,41.38,,12.8,,231.67,0,4.17,,10,23.8,1020.7,"",40.775921,-73.982607,"10023, USA",""
"10023",01/02/2017,37.2,41.1,38.9,32.2,78.52,,15.1,36.7,65.5,0.2,45.83,,7.7,69.8,1030,"Mist, Light Drizzle, Rain, Light Rain",40.775921,-73.982607,"10023, USA",""
"10023",01/03/2017,39,43.1,40.7,40,97.25,,17.3,32.2,85.62,0.6,62.5,,3.7,98.2,1011.3,"Mist, Light Drizzle, Rain, Heavy Rain, Light Rain",40.775921,-73.982607,"10023, USA",""
"10023",01/04/2017,35,52.1,44,32.3,67.62,,20.7,41.3,270.17,0,20.83,,9.2,59.3,999.5,"Mist, Light Rain",40.775921,-73.982607,"10023, USA",""
"10023",01/05/2017,26.9,34.1,30.4,9.5,41.14,,17.2,43.6,266.96,0,12.5,,10,27.7,1012.7,"",40.775921,-73.982607,"10023, USA",""
"10023",01/06/2017,26.1,33.3,29.5,15.5,57.84,,9.2,42.5,274.54,0.1,25,1.2,8.1,55.1,1017.8,"Light Snow, Mist, Fog, Smoke Or Haze, Snow",40.775921,-73.982607,"10023, USA",""
"10023",01/07/2017,20.1,25.2,22.1,12.8,69.64,,11.5,31.1,199.5,0.3,45.83,5.9,4.7,50.2,1023.2,"Light Snow, Mist, Fog, Smoke Or Haze, Snow",40.775921,-73.982607,"10023, USA",""
"10023",01/08/2017,17,24.4,20.1,4.4,50.84,,14.9,33.3,292.75,0,4.17,7.1,9.4,32.8,1026.6,"",40.775921,-73.982607,"10023, USA",""
"10023",01/09/2017,15.2,23.1,19.1,4.3,51.89,,11.5,48.3,264.08,0,12.5,5.9,10,19.6,1038.6,"",40.775921,-73.982607,"10023, USA",""
"10023",01/10/2017,21.9,44,31,19.9,63.76,,9.2,40.3,187.71,0,4.17,3.1,10,43.8,1033.4,"",40.775921,-73.982607,"10023, USA",""
"10023",01/11/2017,43.1,51.2,46.7,38.9,74.73,,13.9,44.7,216.5,0.4,41.67,1.2,8.9,46.9,1024.3,"Mist, Rain, Light Rain",40.775921,-73.982607,"10023, USA",""
"10023",01/12/2017,46.1,65,58.2,50,75.31,,13.3,35.6,235.42,0.2,25,,9.4,64.8,1017.9,"Mist, Light Rain",40.775921,-73.982607,"10023, USA",""
"10023",01/13/2017,32.2,62,46.4,29.7,53.7,,12.7,37.8,302.33,0,4.17,,10,13.1,1029.1,"",40.775921,-73.982607,"10023, USA",""
"10023",01/14/2017,28.2,33.2,30.8,19,63.46,,9.2,,146.38,0.1,25,1.2,7.4,45.8,1035.1,"Light Snow, Mist, Fog, Snow",40.775921,-73.982607,"10023, USA",""
"10023",01/15/2017,30,38.2,33.8,22.1,63.19,,9.1,,299.54,0,4.17,1.2,9.8,19.8,1027.2,"",40.775921,-73.982607,"10023, USA",""
"10023",01/16/2017,30,43.1,36.3,20.9,53.7,,11.3,45.9,201.27,0,25,,10,16.6,1029.3,"",40.775921,-73.982607,"10023, USA",""
"10023",01/17/2017,38.1,42.1,39.6,32.7,77.81,,8.3,,160.21,0.3,45.83,,5.5,96.9,1021,"Mist, Rain, Light Rain, Smoke Or Haze",40.775921,-73.982607,"10023, USA",""
"10023",01/18/2017,38.1,41.1,39.5,37.5,92.34,,9.7,,108.88,0.1,20.83,,7.5,98.5,1014.1,"Mist, Light Drizzle, Heavy Rain, Light Rain",40.775921,-73.982607,"10023, USA",""
"10023",01/19/2017,39,48,42.6,34.4,73.1,,8.1,49.4,284.71,0,8.33,,10,70.5,1016.5,"",40.775921,-73.982607,"10023, USA",""
"10023",01/20/2017,39.9,44.9,41.7,34.2,75.57,,10.2,,104.17,0.1,20.83,,8.8,97.5,1014.9,"Mist, Light Rain",40.775921,-73.982607,"10023, USA",""
"10023",01/21/2017,41.1,47.9,43.6,41.9,93.77,,8.6,,256.96,0,0,,4.7,84.4,1010.9,"Mist, Smoke Or Haze",40.775921,-73.982607,"10023, USA",""
"10023",01/22/2017,43.1,47.1,44.9,43.1,93.48,,16.3,33.3,112.58,0,8.33,,4.7,89.8,1007,"Mist, Fog, Light Rain, Smoke Or Haze",40.775921,-73.982607,"10023, USA",""
"10023",01/23/2017,35.9,44,39.6,34.3,81.6,,25.3,47.1,67.5,0.9,37.5,,8,98.3,1007,"Mist, Rain, Light Rain",40.775921,-73.982607,"10023, USA",""
"10023",01/24/2017,35,38.1,36.4,34.9,94.35,,17.5,36.8,188.46,1.4,91.67,,5.3,98.2,994.6,"Mist, Rain, Heavy Rain, Light Rain, Smoke Or Haze",40.775921,-73.982607,"10023, USA",""
"10023",01/25/2017,37.2,51.1,43.1,30.3,60.86,,13.8,39.1,282.52,0,4.17,,10,38.6,1002.6,"Light Rain",40.775921,-73.982607,"10023, USA",""
"10023",01/26/2017,43.1,53.9,48.2,33.5,57.32,,17.1,48.3,261.48,0,33.33,,9.8,75.6,997.2,"Light Rain",40.775921,-73.982607,"10023, USA",""
"10023",01/27/2017,37.2,43.1,40.9,23.9,50.62,,17.2,41.4,272.79,0,8.33,,10,76.7,1002.8,"",40.775921,-73.982607,"10023, USA",""
"10023",01/28/2017,34.1,38.9,36.5,20.5,52.19,,17.9,31.1,263.88,0,0,,10,89.2,1004.9,"Light Rain",40.775921,-73.982607,"10023, USA",""
"10023",01/29/2017,35.9,42.3,38.5,18.2,44.7,,12.7,43.6,256.12,0,12.5,,10,38.6,1005.9,"",40.775921,-73.982607,"10023, USA",""
"10023",01/30/2017,30.9,36,33.7,12.5,41.87,,11.4,40.3,283.5,0,33.33,,10,56.9,1009.1,"",40.775921,-73.982607,"10023, USA",""
"10023",01/31/2017,26.1,32.2,29.4,19.2,67.98,,9.2,49.4,166.57,0.1,25,1.2,7.1,82.1,1011.9,"Light Snow, Mist, Rain, Fog, Snow",40.775921,-73.982607,"10023, USA",""
"10023",02/01/2017,34.1,47.1,41.3,26.6,56.78,,16.8,33.3,258.71,0,4.17,1.2,9.6,56.4,1013.1,"Light Rain",40.775921,-73.982607,"10023, USA",""
"10023",02/02/2017,33.2,44.9,38.5,20.8,49.92,,13.8,39.2,286.17,0,8.33,,10,43.3,1018.3,"",40.775921,-73.982607,"10023, USA",""
"10023",02/03/2017,26,33.2,29.8,9.2,41.64,,10.4,41.4,297.88,0,12.5,,10,27,1021.8,"Light Snow",40.775921,-73.982607,"10023, USA",""
"10023",02/04/2017,21.9,34.2,28.1,5.4,37.89,,13.9,39.1,276.25,0,8.33,,10,2.7,1026.3,"",40.775921,-73.982607,"10023, USA",""
"10023",02/05/2017,32.1,42.2,36.9,16.1,42.69,,12.6,29.8,244.88,0,0,,10,57,1016,"",40.775921,-73.982607,"10023, USA",""
"10023",02/06/2017,35.9,48,41.8,22.6,47.57,,12.7,50.6,259.92,0,12.5,,9.8,27.7,1017.5,"",40.775921,-73.982607,"10023, USA",""
"10023",02/07/2017,37.2,42.2,38.5,35.6,89.54,,12.9,,66.96,0.3,33.33,,4.4,79.1,1011.2,"Mist, Rain, Light Rain, Smoke Or Haze",40.775921,-73.982607,"10023, USA",""
"10023",02/08/2017,38.1,60.2,47.9,38.4,73.02,,8.1,43.6,204.21,0,29.17,,6.6,34.6,1003.3,"Mist, Fog, Light Rain, Smoke Or Haze",40.775921,-73.982607,"10023, USA",""
"10023",02/09/2017,19.2,44,29,18.8,68.04,,19.5,43.6,217.42,1.1,41.67,9.8,5.2,29.1,1004.7,"Blowing Or Drifting Snow, Heavy Snow, Mist, Light Snow, Rain, Fog, Light Rain, Smoke Or Haze, Snow",40.775921,-73.982607,"10023, USA",""
"10023",02/10/2017,19.1,32.1,25.6,8.7,48.63,,14.9,31.1,272.08,0,0,7.9,9.7,24.3,1021.7,"Light Snow, Rain",40.775921,-73.982607,"10023, USA",""
"10023",02/11/2017,30,47,39.6,23.6,53.16,,9.1,,167.88,0,12.5,5.9,10,43.9,1015.2,"",40.775921,-73.982607,"10023, USA",""
"10023",02/12/2017,30,38.9,33.6,29.8,86.58,,14.1,,123.67,0.5,58.33,2,6.1,78.4,1012.5,"Ice, Mist, Light Snow, Light Drizzle, Rain, Light Rain, Light Freezing Rain, Snow",40.775921,-73.982607,"10023, USA",""
"10023",02/13/2017,30.9,38.1,34.8,22.4,60.96,,23.9,56.4,298.92,0,12.5,1.2,10,63.9,1008.3,"Light Rain",40.775921,-73.982607,"10023, USA",""
"10023",02/14/2017,28.2,39.9,34.1,20.3,56.86,,12.5,44.7,265.17,0,12.5,,10,8.7,1011.9,"",40.775921,-73.982607,"10023, USA",""
"10023",02/15/2017,35.9,46.3,39.9,29.4,66.36,,18.2,42.5,230.62,0,16.67,,9.4,45.4,998.2,"Light Rain",40.775921,-73.982607,"10023, USA",""
"10023",02/16/2017,28.2,35.1,32.2,16.3,51.78,,14.9,40.3,298.71,0,8.33,,10,51.5,1002,"",40.775921,-73.982607,"10023, USA",""
"10023",02/17/2017,26.1,41.3,33.7,14.6,46.15,,13.8,44.7,293,0,4.17,,10,2,1010.4,"",40.775921,-73.982607,"10023, USA",""
"10023",02/18/2017,35.9,62.9,49.4,24.5,37.84,,13.8,,245.83,0,0,,10,0.9,1008,"",40.775921,-73.982607,"10023, USA",""
"10023",02/19/2017,55.1,65.1,59.3,32.1,36.09,,9.2,,283.42,0,0,,10,11.8,1009,"",40.775921,-73.982607,"10023, USA",""
"10023",02/20/2017,41.1,53.9,48.1,22.7,39.14,,14.9,,234.67,0,0,,10,0.3,1021.5,"",40.775921,-73.982607,"10023, USA",""
"10023",02/21/2017,35,46.2,40.8,22.1,48.41,,15,,119.88,0,0,,10,1.4,1025.8,"",40.775921,-73.982607,"10023, USA",""
"10023",02/22/2017,43.1,56.9,48.6,37,64.74,,8.1,45.9,227.83,0,0,,9.8,34.9,1015.4,"Light Rain",40.775921,-73.982607,"10023, USA",""
"10023",02/23/2017,44,64.9,54.5,46.5,74.74,,9.2,,171.39,0,0,,8.4,26.1,1011.3,"Mist, Fog, Smoke Or Haze",40.775921,-73.982607,"10023, USA",""
"10023",02/24/2017,57.7,69.1,62.7,52.4,69.55,,11.2,35.6,195.5,0,0,,10,11.5,1012.2,"",40.775921,-73.982607,"10023, USA",""
"10023",02/25/2017,47.1,62,55.1,51.3,87.29,,12.7,40.3,181.04,0.4,12.5,,8.2,72,1004.9,"Lightning Without Thunder, Mist, Rain, Thunderstorm, Fog, Light Rain, Smoke Or Haze",40.775921,-73.982607,"10023, USA",""
"10023",02/26/2017,36,44.1,39.2,19,44.8,,14.9,34.4,293.79,0.4,12.5,,10,57.4,1015,"",40.775921,-73.982607,"10023, USA",""
"10023",02/27/2017,35,52.9,44.2,21.7,41.41,,13.2,32.2,242.08,0,4.17,,10,18,1028.1,"",40.775921,-73.982607,"10023, USA",""
"10023",02/28/2017,47,57.7,51.5,40.7,67.76,,10.4,,126.65,0,0,,9.7,77.5,1024.7,"Mist",40.775921,-73.982607,"10023, USA",""
"10023",03/01/2017,53.8,69.1,60.7,53.7,79.32,,12.8,45.9,220.46,0.1,12.5,,8.7,66.1,1004.2,"Lightning Without Thunder, Mist, Light Rain, Smoke Or Haze",40.775921,-73.982607,"10023, USA",""
"10023",03/02/2017,37.2,64.1,47.6,21.4,35.95,,26.5,53.9,286.38,0,4.17,,10,16,1006.6,"",40.775921,-73.982607,"10023, USA",""
"10023",03/03/2017,25.2,39,32.8,8.6,36.62,,14,42.5,295.58,0,0,,10,29.9,1023.5,"",40.775921,-73.982607,"10023, USA",""
"10023",03/04/2017,18,30,23.9,-0.3,35.17,,13.9,49.4,293.33,0,4.17,,10,32.9,1032.7,"",40.775921,-73.982607,"10023, USA",""
"10023",03/05/2017,14.2,36,24.7,-7,25.7,,13.2,33.3,222.38,0,0,,10,0.3,1035.7,"",40.775921,-73.982607,"10023, USA",""
"10023",03/06/2017,26.1,44,35.3,10,35.46,,12.8,35.6,127.21,0,0,,10,36.8,1032.3,"",40.775921,-73.982607,"10023, USA",""
"10023",03/07/2017,42.2,53.9,47.5,41,78.68,,8.1,31.1,155.83,0.1,16.67,,8.7,82.5,1024.1,"Mist, Light Rain",40.775921,-73.982607,"10023, USA",""
"10023",03/08/2017,47.1,57.9,54.8,32.5,48.08,,14.8,37.8,252.96,0,12.5,,10,54.2,1013.8,"Light Rain",40.775921,-73.982607,"10023, USA",""
"10023",03/09/2017,48.9,61.1,54.6,17.2,23.38,,21.2,42.5,267.71,0,12.5,,10,25.5,1013.9,"",40.775921,-73.982607,"10023, USA",""
"10023",03/10/2017,25.2,48,35.7,21.7,60.35,,13.9,40.3,200.96,0.3,33.33,2,7.3,69.4,1011.8,"Heavy Snow, Mist, Light Snow, Rain, Fog, Light Rain, Snow",40.775921,-73.982607,"10023, USA",""
"10023",03/11/2017,17.1,28.2,22.5,3.6,43.71,,15,43.1,296.54,0,0,1.2,10,58,1020.8,"",40.775921,-73.982607,"10023, USA",""
"10023",03/12/2017,19.2,29.2,24.2,2.8,39.55,,13.8,32.2,300.83,0,0,,10,12.7,1026.1,"",40.775921,-73.982607,"10023, USA",""
"10023",03/13/2017,20.1,35.1,26.8,6.3,42.4,,11.4,45.9,243,0,12.5,,10,15.2,1030.2,"",40.775921,-73.982607,"10023, USA",""
"10023",03/14/2017,23.2,30.9,28.9,24.5,84.3,,18.9,41.4,161.71,1.9,75,7.1,3.4,83.8,1002.6,"Ice, Blowing Or Drifting Snow, Light Snow, Mist, Rain, Fog, Light Rain, Snow",40.775921,-73.982607,"10023, USA",""
"10023",03/15/2017,20.1,26,23.3,9,54.12,,18.2,42,283.88,0,12.5,7.1,9.8,65.7,1002.9,"Light Snow",40.775921,-73.982607,"10023, USA",""
"10023",03/16/2017,24.2,39,31,9.7,41.82,,15.5,55.3,284.79,0,8.33,5.9,10,8.7,1014,"",40.775921,-73.982607,"10023, USA",""
"10023",03/17/2017,30,46.2,37.1,13.6,39.67,,11.4,56.4,276.33,0,4.17,5.1,10,3.9,1022.5,"",40.775921,-73.982607,"10023, USA",""
"10023",03/18/2017,34.1,39,35.8,24.4,65.51,,14.1,,94.83,0.1,20.83,3.9,8.8,69.9,1022.1,"Mist, Light Snow, Rain, Light Rain",40.775921,-73.982607,"10023, USA",""
"10023",03/19/2017,34.1,47.1,39.8,21.2,50.61,,13.7,29.8,99.12,0,4.17,3.1,10,36.4,1021.1,"",40.775921,-73.982607,"10023, USA",""
"10023",03/20/2017,33.3,51.2,42.3,14.9,34.25,,10.2,47.2,297.71,0,8.33,2,10,25.1,1018.6,"",40.775921,-73.982607,"10023, USA",""
"10023",03/21/2017,43.1,57.9,49.5,25.2,38.72,,9.1,50.6,274.33,0,4.17,,10,61.5,1012.4,"",40.775921,-73.982607,"10023, USA",""
"10023",03/22/2017,25.2,51.2,36.3,7.6,30.65,,20.6,44.7,301.21,0,0,,10,8.2,1019.4,"",40.775921,-73.982607,"10023, USA",""
"10023",03/23/2017,23.2,42.3,32,1.7,29.68,,12.6,52.8,288.54,0,25,,10,0.2,1033.8,"",40.775921,-73.982607,"10023, USA",""
"10023",03/24/2017,37.1,56,45.2,24.2,43.56,,13.2,29.8,230.42,0,0,,10,48,1027.1,"Light Rain",40.775921,-73.982607,"10023, USA",""
"10023",03/25/2017,44,60.9,52.8,37.8,57.96,,12.7,,131.5,0,4.17,,9.8,37.1,1022.1,"Light Rain",40.775921,-73.982607,"10023, USA",""
"10023",03/26/2017,37.2,43.1,39.6,34,80.44,,14,,70.33,0.1,16.67,,8.6,98.1,1029.8,"Mist, Light Drizzle, Rain, Light Rain",40.775921,-73.982607,"10023, USA",""
"10023",03/27/2017,38.1,52,43.8,41.2,90.79,,10.4,,75.79,0.3,33.33,,4.5,85.2,1019.1,"Mist, Light Drizzle, Rain, Fog, Light Rain, Smoke Or Haze",40.775921,-73.982607,"10023, USA",""
"10023",03/28/2017,41.1,47,43.4,41.9,94.74,,10.5,,63.42,0.7,58.33,,4.9,98.1,1013.8,"Mist, Rain, Heavy Rain, Light Rain",40.775921,-73.982607,"10023, USA",""
"10023",03/29/2017,44,57.9,49.3,34,60.55,,16.1,44.7,230.83,0,29.17,,9.6,50.8,1017.6,"Mist",40.775921,-73.982607,"10023, USA",""
"10023",03/30/2017,38.1,51.1,44,23.9,45.42,,12.7,47.2,156.25,0,25,,10,34.5,1022.6,"Light Rain",40.775921,-73.982607,"10023, USA",""
"10023",03/31/2017,38.1,44.9,39.7,36.9,90.62,,20.9,37.8,116.25,1.5,95.83,,4.4,98.1,1015,"Mist, Rain, Heavy Rain, Light Rain, Smoke Or Haze",40.775921,-73.982607,"10023, USA",""
"10023",04/01/2017,37.2,46.2,41.5,34.5,77.37,,26.4,39.2,179,0,16.67,,8.4,97.2,1009.5,"Mist, Light Drizzle, Light Rain",40.775921,-73.982607,"10023, USA",""
"10023",04/02/2017,41.1,62,51.3,29.2,45.98,,10.3,33.3,303.5,0,4.17,,10,26.2,1018.4,"",40.775921,-73.982607,"10023, USA",""
"10023",04/03/2017,50,62.8,54.7,31.6,42.1,,11.5,50.6,213.52,0,16.67,,10,22.1,1017.4,"Squalls",40.775921,-73.982607,"10023, USA",""
"10023",04/04/2017,46.1,51.2,48.5,46.1,91.62,,12.1,29.8,85.58,1.3,45.83,,6.4,94.2,1004.3,"Mist, Light Drizzle, Rain, Heavy Rain, Light Rain",40.775921,-73.982607,"10023, USA",""
"10023",04/05/2017,44.9,62.8,51.1,43.1,76.44,,10.4,49.4,128.5,0,4.17,,6.9,60,1011.9,"Mist, Fog, Smoke Or Haze",40.775921,-73.982607,"10023, USA",""
"10023",04/06/2017,41.1,52.1,44.7,41.7,89.52,,21,37.4,113.83,0.7,50,,6.8,81.7,1002.2,"Lightning Without Thunder, Mist, Rain, Thunderstorm, Heavy Rain, Light Rain",40.775921,-73.982607,"10023, USA",""
"10023",04/07/2017,41.2,51.2,46.4,33.8,61.68,,17,51.7,265.38,0,8.33,,10,81.5,995.4,"Light Rain",40.775921,-73.982607,"10023, USA",""
"10023",04/08/2017,39.9,56.1,47.2,21.8,38.53,,14.9,36.7,302.75,0,8.33,,10,35.2,1009.1,"",40.775921,-73.982607,"10023, USA",""
"10023",04/09/2017,44.9,65.9,53.8,24.8,33.08,,9.2,,244.38,0,0,,10,0.9,1019.8,"",40.775921,-73.982607,"10023, USA",""
"10023",04/10/2017,53.8,74,64.2,37.5,37.54,,12.5,39.1,219.67,0,8.33,,10,1.6,1020.8,"",40.775921,-73.982607,"10023, USA",""
"10023",04/11/2017,61.9,79.9,68.7,47.9,48.31,,11.2,43.6,186.3,0,4.17,,10,1.4,1019.3,"",40.775921,-73.982607,"10023, USA",""
"10023",04/12/2017,57.7,74.1,65.6,50,59.55,,8.1,51.7,147.75,0,16.67,,9.7,24.3,1020.3,"Rain, Light Rain, Smoke Or Haze",40.775921,-73.982607,"10023, USA",""
"10023",04/13/2017,48.9,64.2,56.2,30.5,39.15,,11.3,43.6,277.83,0,4.17,,10,3.6,1026.7,"",40.775921,-73.982607,"10023, USA",""
"10023",04/14/2017,48.9,64.9,56.1,27.4,33.64,,11.5,,150.54,0,4.17,,10,16.3,1028.4,"",40.775921,-73.982607,"10023, USA",""
"10023",04/15/2017,51.2,64.9,57.5,39.5,52.01,,9,37.8,204.33,0,0,,10,46.2,1025.9,"",40.775921,-73.982607,"10023, USA",""
"10023",04/16/2017,60.2,84.8,71.7,54.7,59.51,82.7,15.6,46,253.12,0,8.33,,9.7,29.5,1013.1,"Light Rain",40.775921,-73.982607,"10023, USA",""
"10023",04/17/2017,62,74,67.9,42.1,44.03,,13.3,42.5,294.54,0,12.5,,10,20.2,1014.2,"Light Rain",40.775921,-73.982607,"10023, USA",""
"10023",04/18/2017,48.9,65.8,55.7,33.6,44.6,,13.9,,174.46,0,4.17,,10,0.7,1027.2,"",40.775921,-73.982607,"10023, USA",""
"10023",04/19/2017,44.9,52.1,48.1,39,70.85,,13.2,,149.92,0,0,,10,89.6,1030.6,"Light Rain",40.775921,-73.982607,"10023, USA",""
"10023",04/20/2017,50.1,65,55.8,48.7,77.9,,10.3,40.3,100.35,0.2,29.17,,7.7,87.6,1019.2,"Mist, Rain, Light Rain, Smoke Or Haze",40.775921,-73.982607,"10023, USA",""
"10023",04/21/2017,48,55.1,50.4,47.8,90.82,,10.4,,72.71,0.3,16.67,,7.6,98.2,1014.3,"Mist, Fog, Light Rain",40.775921,-73.982607,"10023, USA",""
"10023",04/22/2017,48,56,52.3,47.6,84.71,,9.3,,145.26,0.1,29.17,,8.6,97.9,1013.7,"Mist, Light Rain",40.775921,-73.982607,"10023, USA",""
"10023",04/23/2017,46.2,65,53.7,37.2,55.27,,9.2,47.2,179.21,0,8.33,,10,5.3,1018.7,"",40.775921,-73.982607,"10023, USA",""
"10023",04/24/2017,47.9,60.1,54.4,42.2,63.88,,9.2,,95.25,0,4.17,,9.8,43.5,1020.6,"",40.775921,-73.982607,"10023, USA",""
"10023",04/25/2017,48.9,53.9,51.5,49.4,92.44,,24.7,39,70.79,0.9,45.83,,7.1,96.1,1016.7,"Mist, Rain, Heavy Rain, Light Rain",40.775921,-73.982607,"10023, USA",""
"10023",04/26/2017,52.1,59.1,56.4,55,95.12,,11.6,31.1,71.83,0.3,37.5,,5.5,98.2,1008.5,"Mist, Light Drizzle, Rain, Light Rain",40.775921,-73.982607,"10023, USA",""
"10023",04/27/2017,56.9,68.1,61.4,57.8,88.85,,10.2,29.8,162.33,0,16.67,,4.1,90.8,1011.8,"Mist, Light Drizzle, Fog, Light Rain, Smoke Or Haze",40.775921,-73.982607,"10023, USA",""
"10023",04/28/2017,56,83,69.4,53.9,65.11,81.7,9.7,42.5,158.82,0,16.67,,5.8,40.8,1014.3,"Mist, Fog, Light Rain, Smoke Or Haze",40.775921,-73.982607,"10023, USA",""
"10023",04/29/2017,64.2,84,75,59.1,60.27,84,12.6,43.6,263.22,0.1,8.33,,9.3,21.2,1015.8,"Mist, Thunderstorm, Light Rain",40.775921,-73.982607,"10023, USA",""
"10023",04/30/2017,53,69.2,59.9,41.8,51.44,,11.5,,124.04,0,0,,10,89.3,1022.4,"",40.775921,-73.982607,"10023, USA",""
"10023",05/01/2017,48.9,71.7,59,52.2,79.47,,9.2,47.2,92.13,0,8.33,,6.6,66.2,1013.3,"Mist, Light Drizzle, Smoke Or Haze",40.775921,-73.982607,"10023, USA",""
"10023",05/02/2017,64.2,74.1,69.1,51,57.06,,13.2,43.6,243.12,0,8.33,,9.4,57.1,1002.9,"Light Rain",40.775921,-73.982607,"10023, USA",""
"10023",05/03/2017,55.2,65.1,60.4,34.3,37.82,,13.3,36.7,298.17,0,4.17,,10,51.4,1012.9,"",40.775921,-73.982607,"10023, USA",""
"10023",05/04/2017,48.1,62.8,54.6,33.7,46.47,,12.8,51.7,159.29,0,0,,10,6,1023.3,"Light Rain",40.775921,-73.982607,"10023, USA",""
"10023",05/05/2017,51.3,59.2,54.6,51.7,90.37,,21.4,33.3,81.62,3.2,41.67,,5.9,88.1,1008.5,"Mist, Rain, Thunderstorm, Fog, Heavy Rain, Light Rain, Smoke Or Haze",40.775921,-73.982607,"10023, USA",""
"10023",05/06/2017,54,65,59.4,54.3,84.15,,19.6,34.4,177.25,0.2,12.5,,6.1,80.4,996.2,"Lightning Without Thunder, Mist, Light Drizzle, Rain, Light Rain",40.775921,-73.982607,"10023, USA",""
"10023",05/07/2017,48.9,53.9,51.5,41.4,68.59,,15.5,29.8,257.25,0,8.33,,9.7,90.7,1003.5,"Light Rain",40.775921,-73.982607,"10023, USA",""
"10023",05/08/2017,45,57,51,31.8,49.69,,15,48.3,272.09,0,8.33,,10,60,1011.1,"Light Rain",40.775921,-73.982607,"10023, USA",""
"10023",05/09/2017,47.1,61.1,53.2,34.2,50.35,,9.3,40.3,82.17,0,12.5,,10,43.4,1014.3,"",40.775921,-73.982607,"10023, USA",""
"10023",05/10/2017,50.2,69.8,56.9,38.2,51.75,,6.9,41.4,114.71,0,12.5,,10,40.2,1016.1,"Light Rain",40.775921,-73.982607,"10023, USA",""
"10023",05/11/2017,46.7,62,54.3,37.3,53.71,,9.2,50.6,125.27,0,8.33,,10,13.5,1015.8,"",40.775921,-73.982607,"10023, USA",""
"10023",05/12/2017,48.1,62,54.3,42.5,65.24,,9.3,,119.52,0,4.17,,10,24.8,1017.3,"",40.775921,-73.982607,"10023, USA",""
"10023",05/13/2017,45,53,49.7,46.6,89.42,,13.1,34.4,72.96,1.6,79.17,,5.3,97.7,1012.1,"Mist, Rain, Light Rain",40.775921,-73.982607,"10023, USA",""
"10023",05/14/2017,46.2,65.1,55.2,44.1,69.01,,11.5,50.6,276.75,0.1,20.83,,9.9,69.8,1004.4,"Light Rain",40.775921,-73.982607,"10023, USA",""
"10023",05/15/2017,53,66.9,59.7,41.8,52.44,,15,41.4,304.54,0,12.5,,10,49,1006.7,"",40.775921,-73.982607,"10023, USA",""
"10023",05/16/2017,56.2,78.2,67.3,44.5,45.53,,9.2,47.2,265.21,0,12.5,,10,3.1,1014.9,"",40.775921,-73.982607,"10023, USA",""
"10023",05/17/2017,65,89.9,77.6,55.4,47.1,89.6,9.7,49.4,242.17,0,33.33,,10,2.1,1014.4,"",40.775921,-73.982607,"10023, USA",""
"10023",05/18/2017,75,92,83.2,62.7,51.68,92.2,13.8,50.6,239.42,0,8.33,,10,11.7,1012.2,"",40.775921,-73.982607,"10023, USA",""
"10023",05/19/2017,73.2,89.9,82.3,62.1,52.03,90,13.7,39.1,229.54,0,16.67,,10,12.2,1011.6,"",40.775921,-73.982607,"10023, USA",""
"10023",05/20/2017,56.1,68.2,61,44.3,54.47,,12.9,40.3,107.33,0,12.5,,10,51.6,1023.7,"Light Rain",40.775921,-73.982607,"10023, USA",""
"10023",05/21/2017,53.1,66.9,59.5,38.9,48.8,,12.6,,164.08,0,0,,10,15.2,1027,"Light Rain",40.775921,-73.982607,"10023, USA",""
"10023",05/22/2017,53.1,60.6,57.1,54.2,90.73,,6.9,,164.54,0.6,54.17,,6.1,95.7,1018.9,"Mist, Rain, Light Rain",40.775921,-73.982607,"10023, USA",""
"10023",05/23/2017,57,68.1,62.7,50.9,67.76,,7.1,78.3,163.43,0,25,,9.4,21.9,1012.6,"Mist",40.775921,-73.982607,"10023, USA",""
"10023",05/24/2017,56.1,66.9,62.1,51.1,68.45,,11.6,66.7,88.29,0,16.67,,9.8,67.8,1007.8,"Light Rain",40.775921,-73.982607,"10023, USA",""
"10023",05/25/2017,56.1,59.1,57.2,55,92.62,,17.3,31.1,69.42,0.5,58.33,,5.3,89.4,1003.5,"Mist, Light Drizzle, Rain, Thunderstorm, Light Rain",40.775921,-73.982607,"10023, USA",""
"10023",05/26/2017,56,73.2,64.1,55.1,75.37,,15.5,35.6,271.25,0.2,45.83,,9.1,85.6,1002,"Mist, Rain, Thunderstorm, Light Rain",40.775921,-73.982607,"10023, USA",""
"10023",05/27/2017,59.2,70.9,65.7,54.8,68.26,,5.9,62.2,234.38,0,12.5,,10,59.1,1011.2,"Smoke Or Haze",40.775921,-73.982607,"10023, USA",""
"10023",05/28/2017,57.9,70.9,63.7,55,74.55,,12.6,44.7,117.12,0,4.17,,8.7,39.9,1013.5,"Mist, Smoke Or Haze",40.775921,-73.982607,"10023, USA",""
"10023",05/29/2017,56.1,61.1,57.6,53.4,86.35,,9.2,40.3,67.54,0.1,37.5,,9.5,95.1,1014.6,"Mist, Light Rain",40.775921,-73.982607,"10023, USA",""
"10023",05/30/2017,55.1,59.1,57.2,53.9,88.73,,9.3,,142.67,0,12.5,,8.9,98.2,1020.4,"Mist, Light Drizzle, Rain, Light Rain",40.775921,-73.982607,"10023, USA",""
"10023",05/31/2017,57.8,75,64.8,59.5,84.44,,5.9,,125.79,0,12.5,,6.7,58.6,1015.9,"Mist, Light Drizzle, Thunderstorm, Light Rain",40.775921,-73.982607,"10023, USA",""
"10023",06/01/2017,59.2,78.2,69.1,52.7,60.51,,11.5,49.4,197.71,0,12.5,,9.7,33,1013.2,"Mist, Light Rain",40.775921,-73.982607,"10023, USA",""
"10023",06/02/2017,57.1,74.1,67.5,42.5,41.46,,12.6,51.7,251.29,0,8.33,,10,13.2,1013.9,"",40.775921,-73.982607,"10023, USA",""
"10023",06/03/2017,55.3,72,64.6,41.4,44.84,,12.1,44.7,296,0,12.5,,10,32.8,1014.6,"Light Rain",40.775921,-73.982607,"10023, USA",""
"10023",06/04/2017,56.2,68.1,62.4,47.4,60,,5.9,41.4,203.42,0,4.17,,10,42.2,1014.6,"Light Rain",40.775921,-73.982607,"10023, USA",""
"10023",06/05/2017,57.9,66.8,62.5,59.2,89.27,,11.5,47.2,60.12,0.1,33.33,,4.9,86.7,1007.7,"Mist, Thunderstorm, Light Rain, Smoke Or Haze",40.775921,-73.982607,"10023, USA",""
"10023",06/06/2017,53,60.2,55.8,52.6,89.01,,14,,58.12,0.1,16.67,,8.4,98.1,1008.4,"Mist, Light Drizzle, Light Rain",40.775921,-73.982607,"10023, USA",""
"10023",06/07/2017,52.1,66.9,59.1,47.6,66.34,,11.4,44.7,111.71,0,12.5,,10,72.1,1015,"Light Rain",40.775921,-73.982607,"10023, USA",""
"10023",06/08/2017,56.1,68.1,61.9,48.6,62.54,,6.9,,119.86,0,0,,10,3.7,1014.7,"",40.775921,-73.982607,"10023, USA",""
"10023",06/09/2017,54,80,67.9,47.7,51.33,79.3,13.6,45.9,242.09,0,25,,10,15.1,1007.9,"",40.775921,-73.982607,"10023, USA",""
"10023",06/10/2017,66.9,84,76.3,54.1,46.74,83.4,12.1,,251.43,0,0,,10,20.5,1014.3,"",40.775921,-73.982607,"10023, USA",""
"10023",06/11/2017,71.9,90,81.9,59.7,48.32,90,12.1,59.7,252.83,0,12.5,,10,0.9,1016.7,"",40.775921,-73.982607,"10023, USA",""
"10023",06/12/2017,75.8,92.1,84.1,61,47.01,91.9,8.1,53.9,258.96,0,33.33,,10,0.3,1015.3,"",40.775921,-73.982607,"10023, USA",""
"10023",06/13/2017,78.1,93.9,86,63.4,47.84,95.3,10.3,41.4,242.3,0,8.33,,9.9,12,1012.2,"",40.775921,-73.982607,"10023, USA",""
"10023",06/14/2017,69.3,83.9,75.5,60.9,62.85,86,10.3,44.7,123.12,0.3,29.17,,9.1,53.4,1014.5,"Lightning Without Thunder, Mist, Rain, Fog, Heavy Rain, Light Rain",40.775921,-73.982607,"10023, USA",""
"10023",06/15/2017,65,74.9,69.6,52.4,55.31,,11,37.8,150.29,0,25,,10,20.7,1017.1,"",40.775921,-73.982607,"10023, USA",""
"10023",06/16/2017,64.1,68.1,66.1,60.3,81.79,,9.2,35.6,85.33,0,0,,8.9,79.7,1015,"Mist, Light Drizzle, Smoke Or Haze",40.775921,-73.982607,"10023, USA",""
"10023",06/17/2017,65.9,73,69,66.1,90.56,,5.8,,100.96,1.6,16.67,,6.1,98.2,1013.6,"Mist, Rain, Fog, Heavy Rain, Light Rain",40.775921,-73.982607,"10023, USA",""
"10023",06/18/2017,70.1,83.9,77,71.1,82.73,91,11.5,32.2,169.58,0,0,,7.2,62.3,1010.8,"Mist, Fog, Light Rain",40.775921,-73.982607,"10023, USA",""
"10023",06/19/2017,70.1,87.1,78,71.6,81.65,94.7,18.3,32.3,198.92,1.3,25,,8.4,52.1,1009.7,"Mist, Thunderstorm, Heavy Rain, Light Rain",40.775921,-73.982607,"10023, USA",""
"10023",06/20/2017,71,82.2,76.3,60.9,64.02,81.8,18.3,32.2,242.79,0.1,12.5,,8.5,36.7,1012.2,"Mist, Light Rain",40.775921,-73.982607,"10023, USA",""
"10023",06/21/2017,71,82.2,77.2,59,54.5,82,15,,258.7,0,0,,10,18.9,1012.8,"",40.775921,-73.982607,"10023, USA",""
"10023",06/22/2017,68.1,82.2,76.1,60.2,58.64,82.8,15,,160.41,0,0,,10,1.2,1014.4,"",40.775921,-73.982607,"10023, USA",""
"10023",06/23/2017,75.9,83.1,79.6,71.6,76.85,88.3,9.3,29.8,218.58,0,8.33,,9.1,39,1007.4,"Mist, Light Rain",40.775921,-73.982607,"10023, USA",""
"10023",06/24/2017,71,83.1,78.2,63.7,65.67,84.2,21.9,32.2,257.86,1.3,29.17,,8.9,33.6,1005.7,"Lightning Without Thunder, Mist, Rain, Heavy Rain, Light Rain",40.775921,-73.982607,"10023, USA",""
"10023",06/25/2017,68.1,82.2,75.8,57.8,54.47,81.9,10.4,,236.71,0,0,,10,37.5,1014,"",40.775921,-73.982607,"10023, USA",""
"10023",06/26/2017,64.2,78.2,72,50,46.73,,13.9,52.8,271.67,0,25,,10,26.5,1015.8,"",40.775921,-73.982607,"10023, USA",""
"10023",06/27/2017,61.1,75.9,69.7,54.7,61.54,,11,50.6,231.86,0.2,16.67,,9.4,45.2,1015,"Mist, Rain, Heavy Rain, Light Rain",40.775921,-73.982607,"10023, USA",""
"10023",06/28/2017,62,78.3,70.2,49.3,48.95,,10.2,51.7,285,0,29.17,,10,13,1018.8,"",40.775921,-73.982607,"10023, USA",""
"10023",06/29/2017,68.1,80.9,74.9,59.8,59.7,82.7,13.2,55.3,216,0,20.83,,10,7.6,1019,"",40.775921,-73.982607,"10023, USA",""
"10023",06/30/2017,73.2,88,80.1,65.6,61.77,92.2,10.3,52.8,216.42,0,8.33,,10,32.3,1014.9,"Lightning Without Thunder",40.775921,-73.982607,"10023, USA",""
"10023",07/01/2017,71,84.7,77.6,70.4,79.02,90.5,10.4,,194.38,0.2,16.67,,9.8,44.8,1013.1,"Lightning Without Thunder, Mist, Thunderstorm, Light Rain",40.775921,-73.982607,"10023, USA",""
"10023",07/02/2017,71.9,87.2,79.4,65.9,66.71,88,9.2,,259.75,0.2,4.17,,9.3,39.9,1014.1,"Mist",40.775921,-73.982607,"10023, USA",""
"10023",07/03/2017,71.1,87.2,79.6,63,58.43,87.3,11.5,33.3,275,0,8.33,,9.6,22.6,1014.7,"Thunderstorm, Fog, Heavy Rain",40.775921,-73.982607,"10023, USA",""
"10023",07/04/2017,70.2,83.1,76.4,59.5,56.89,83.3,7,32.2,91.73,0,0,,9.8,44.7,1017.6,"Smoke Or Haze",40.775921,-73.982607,"10023, USA",""
"10023",07/05/2017,70.1,84.7,76.3,57.5,52.75,84.7,10.4,,98,0,0,,9.8,22.8,1021.5,"",40.775921,-73.982607,"10023, USA",""
"10023",07/06/2017,71,75,72.9,59.9,64.32,,6.9,,132.83,0,0,,10,50,1019.3,"Light Rain",40.775921,-73.982607,"10023, USA",""
"10023",07/07/2017,68.1,79.2,72.8,67.6,84.58,,15.5,29.8,79.64,3,45.83,,7.3,73.1,1009.2,"Mist, Fog, Heavy Rain, Light Rain",40.775921,-73.982607,"10023, USA",""
"10023",07/08/2017,69.2,83.1,76.3,66,72.52,85.6,18.4,29.8,239.79,0,4.17,,9,30.4,1007.7,"Mist, Light Rain",40.775921,-73.982607,"10023, USA",""
"10023",07/09/2017,66.9,81,75,54.4,49.29,80.3,10.4,32.2,274.17,0,8.33,,10,21,1015.1,"Light Rain",40.775921,-73.982607,"10023, USA",""
"10023",07/10/2017,69.2,83.1,76.8,59,54.49,84,9.2,49.4,218.62,0,33.33,,10,31.6,1016.8,"",40.775921,-73.982607,"10023, USA",""
"10023",07/11/2017,75,84,79.6,68.5,69.34,88.4,10.9,,243.67,0,12.5,,10,59.6,1013.7,"Lightning Without Thunder, Light Rain",40.775921,-73.982607,"10023, USA",""
"10023",07/12/2017,77.1,87.3,82.5,69.8,65.99,92.3,15.6,53.9,250.58,0,20.83,,10,32.2,1014.6,"Light Rain",40.775921,-73.982607,"10023, USA",""
"10023",07/13/2017,75.8,89.1,82.5,70.5,67.8,95.2,15.5,59.7,234.42,0,25,,9.8,27.7,1015.2,"Lightning Without Thunder, Light Rain",40.775921,-73.982607,"10023, USA",""
"10023",07/14/2017,65,74,68.5,66.3,92.53,,11.5,,85.25,0.4,37.5,,5.8,98.2,1017.3,"Mist, Light Drizzle, Heavy Rain, Light Rain",40.775921,-73.982607,"10023, USA",""
"10023",07/15/2017,68.1,83.1,75,65,73.92,84.9,9.7,40.3,208.88,0,20.83,,7.2,69.6,1013.3,"Mist, Light Drizzle, Light Rain",40.775921,-73.982607,"10023, USA",""
"10023",07/16/2017,69.2,84.8,76.8,62.6,62.58,85.4,10.4,36.7,243.29,0,4.17,,10,5.8,1014.2,"",40.775921,-73.982607,"10023, USA",""
"10023",07/17/2017,73.2,84.8,78.3,67.7,70.43,88.1,9.7,36.7,187.38,0,0,,10,25.1,1016.9,"Lightning Without Thunder, Thunderstorm",40.775921,-73.982607,"10023, USA",""
"10023",07/18/2017,74.1,87.1,79.9,69.5,71.26,90.9,10.4,33.3,205.88,0,0,,10,10.5,1018.2,"",40.775921,-73.982607,"10023, USA",""
"10023",07/19/2017,77.1,91.2,84,67.7,60.74,93.9,12.1,53.9,249.26,0,8.33,,9.9,7.8,1016.3,"",40.775921,-73.982607,"10023, USA",""
"10023",07/20/2017,78.2,93,84.8,68.4,59.45,98.1,8.2,62.2,224.86,0,12.5,,9.3,19.2,1013.6,"Light Rain",40.775921,-73.982607,"10023, USA",""
"10023",07/21/2017,77.1,91.1,83.5,66.6,58.07,93.3,7.1,48.3,276.5,0,12.5,,10,25.5,1011.8,"",40.775921,-73.982607,"10023, USA",""
"10023",07/22/2017,78.2,91.1,83,65.3,56.71,90,5.9,31.1,158.54,0,4.17,,9.8,29.3,1010.2,"Light Rain",40.775921,-73.982607,"10023, USA",""
"10023",07/23/2017,71,78.2,74,69.4,85.94,,8.6,,129.57,0.6,25,,5.6,91.3,1008.9,"Mist, Heavy Rain, Light Rain, Smoke Or Haze",40.775921,-73.982607,"10023, USA",""
"10023",07/24/2017,63,73.2,68,63.1,84.71,,11.9,35.6,63.17,0.7,37.5,,7.8,95.8,1010,"Mist, Rain, Heavy Rain, Light Rain",40.775921,-73.982607,"10023, USA",""
"10023",07/25/2017,62.9,71,66.2,59.2,78.29,,7.1,,56.38,0,8.33,,10,98.2,1018.6,"",40.775921,-73.982607,"10023, USA",""
"10023",07/26/2017,65.1,75.8,69.9,56.3,62.66,,8.2,43.6,116.33,0,12.5,,10,43.1,1022.7,"",40.775921,-73.982607,"10023, USA",""
"10023",07/27/2017,66,77.1,71.7,64.6,78.47,,9.7,45.9,210.12,0,16.67,,10,54.4,1015.7,"Light Rain",40.775921,-73.982607,"10023, USA",""
"10023",07/28/2017,71.9,84.7,77,68,75.01,86.6,6.9,49.4,116.87,0,4.17,,8.6,41.2,1010.2,"Mist, Smoke Or Haze",40.775921,-73.982607,"10023, USA",""
"10023",07/29/2017,68.1,77,72.3,54.6,53.94,,13,33.3,51.88,0,0,,10,67.2,1009.3,"",40.775921,-73.982607,"10023, USA",""
"10023",07/30/2017,64.2,80.9,72.7,51.4,48.36,80.1,8.1,,129.86,0,0,,10,0.4,1015.4,"",40.775921,-73.982607,"10023, USA",""
"10023",07/31/2017,66.9,88.1,76.8,57.6,52.57,87.4,5.8,,234.5,0,12.5,,10,11.4,1017.4,"",40.775921,-73.982607,"10023, USA",""
"10023",08/01/2017,71.1,91.1,80.5,62.2,55.11,89.7,5.7,53.9,182.96,0,37.5,,10,0.5,1016.6,"",40.775921,-73.982607,"10023, USA",""
"10023",08/02/2017,69.2,86,76.3,67.7,75.69,88.9,9.3,36.8,172.45,0.1,25,,8.2,22.5,1017.7,"Lightning Without Thunder, Mist, Thunderstorm, Light Rain, Smoke Or Haze",40.775921,-73.982607,"10023, USA",""
"10023",08/03/2017,69.2,86.1,76.3,66.5,73.26,87.8,7.1,45.9,152.75,0,4.17,,8.3,19,1019,"Lightning Without Thunder, Mist, Smoke Or Haze",40.775921,-73.982607,"10023, USA",""
"10023",08/04/2017,70.1,83.1,76.6,67.7,75.24,86.5,18.4,29.8,178.58,0.2,25,,9.3,27.9,1016.4,"Lightning Without Thunder, Mist, Thunderstorm, Light Rain",40.775921,-73.982607,"10023, USA",""
"10023",08/05/2017,70.1,77.2,74.2,64.7,74.43,,13.9,49.4,241.71,0.3,20.83,,9.1,72.2,1012,"Lightning Without Thunder, Mist, Rain, Thunderstorm, Heavy Rain, Light Rain",40.775921,-73.982607,"10023, USA",""
"10023",08/06/2017,64.2,75.9,70,52.8,54.81,,7,32.2,281.04,0,4.17,,10,1,1018.2,"",40.775921,-73.982607,"10023, USA",""
"10023",08/07/2017,65.1,71,67.5,61.3,82.17,,9.7,41.4,159.43,0.7,58.33,,6.5,80.2,1017.5,"Mist, Light Drizzle, Rain, Light Rain",40.775921,-73.982607,"10023, USA",""
"10023",08/08/2017,65.1,77.2,70.7,61.6,75.01,,9.2,,211.04,0,8.33,,8.2,61.6,1014.3,"Mist, Light Drizzle",40.775921,-73.982607,"10023, USA",""
"10023",08/09/2017,65.2,83.1,74.3,57.5,57.2,82.5,11.5,40.3,225.68,0,4.17,,10,7.8,1021.7,"",40.775921,-73.982607,"10023, USA",""
"10023",08/10/2017,69.2,83.1,75.1,60.1,60.42,83.5,11.5,44.7,205.21,0,0,,9.8,12.6,1022.9,"",40.775921,-73.982607,"10023, USA",""
"10023",08/11/2017,70.1,80.9,74.4,59.4,59.83,82.1,11.5,53.9,197.5,0,4.17,,10,37.8,1019.8,"Light Rain",40.775921,-73.982607,"10023, USA",""
"10023",08/12/2017,64.2,75.9,71.1,66.2,85.12,,6,34.4,153.08,0.1,25,,9.3,83.3,1013.9,"Mist, Rain, Light Rain",40.775921,-73.982607,"10023, USA",""
"10023",08/13/2017,71,82.2,76.7,63,65.36,82.4,10.3,,286.5,0,0,,9.8,32.3,1013.2,"",40.775921,-73.982607,"10023, USA",""
"10023",08/14/2017,70.1,80,75.2,62.9,66.09,81.8,6,37.8,138.92,0,8.33,,10,27.3,1016,"",40.775921,-73.982607,"10023, USA",""
"10023",08/15/2017,68.1,74,71.9,69,90.99,,5.9,,173.86,0.4,45.83,,5,94.8,1013.3,"Mist, Rain, Heavy Rain, Light Rain",40.775921,-73.982607,"10023, USA",""
"10023",08/16/2017,70.1,84.9,77,64.8,69.05,85.5,6.9,52.8,267.95,0,8.33,,7.8,27.3,1014.2,"Mist, Light Rain",40.775921,-73.982607,"10023, USA",""
"10023",08/17/2017,70.2,82.1,75.3,60.8,61.58,82.7,9.2,49.4,99.54,0,8.33,,9.9,27.5,1016.6,"",40.775921,-73.982607,"10023, USA",""
"10023",08/18/2017,73.2,80.9,76.3,73,89.64,87.8,8.1,67.8,199.57,0.8,33.33,,6.8,75.2,1010.9,"Lightning Without Thunder, Mist, Thunderstorm, Rain, Fog, Heavy Rain, Light Rain",40.775921,-73.982607,"10023, USA",""
"10023",08/19/2017,73.2,84.9,78.9,67.3,70.13,86.7,5.9,,253.58,0.1,12.5,,9.5,28.7,1010.1,"Mist, Light Rain",40.775921,-73.982607,"10023, USA",""
"10023",08/20/2017,70.1,81,76.2,60.1,58.32,81.6,8.1,,298.5,0,0,,10,5.7,1016.8,"",40.775921,-73.982607,"10023, USA",""
"10023",08/21/2017,71.9,84.9,78.4,64.1,61.99,86.3,11.4,56.4,233.33,0,8.33,,9.9,9.9,1021,"",40.775921,-73.982607,"10023, USA",""
"10023",08/22/2017,74.9,88.2,81.1,71.7,74.16,96.9,11.5,35,214.17,0,0,,8.3,23.6,1013.7,"Lightning Without Thunder, Mist, Thunderstorm, Light Rain, Smoke Or Haze",40.775921,-73.982607,"10023, USA",""
"10023",08/23/2017,71.1,80,75.5,60.1,62.92,79.9,17.3,37.8,290.54,0.3,25,,8.8,38.1,1009.6,"Lightning Without Thunder, Mist, Rain, Thunderstorm, Light Rain",40.775921,-73.982607,"10023, USA",""
"10023",08/24/2017,66.1,79.1,72.7,51.9,49.45,,8,43.6,279.08,0,8.33,,10,5.5,1013.2,"",40.775921,-73.982607,"10023, USA",""
"10023",08/25/2017,63,78.2,70.4,54,57.1,,8,51.7,189.7,0,4.17,,10,35.2,1018.8,"",40.775921,-73.982607,"10023, USA",""
"10023",08/26/2017,62.1,77.1,69.8,48.3,48.46,,8.1,39.1,106.64,0,8.33,,10,0.4,1023.9,"Smoke Or Haze",40.775921,-73.982607,"10023, USA",""
"10023",08/27/2017,63,77.1,69.3,49.8,51.29,,9.2,41.4,68.79,0,0,,10,1.3,1024.4,"",40.775921,-73.982607,"10023, USA",""
"10023",08/28/2017,63,74.9,69,53.6,59.36,,11.4,,81.62,0,0,,10,5.3,1025.1,"",40.775921,-73.982607,"10023, USA",""
"10023",08/29/2017,62,68.1,65,58.2,79,,12.9,,64.08,0.2,41.67,,9.3,64.2,1021.4,"Mist, Light Rain",40.775921,-73.982607,"10023, USA",""
"10023",08/30/2017,61.1,76,68.3,55.2,65.85,,9.7,36.7,213.79,0.1,25,,9.7,39.6,1014.3,"Mist, Light Rain",40.775921,-73.982607,"10023, USA",""
"10023",08/31/2017,65.1,80.9,72,56.9,60.22,81.4,9.7,44.7,290,0,16.67,,10,22.5,1013.2,"",40.775921,-73.982607,"10023, USA",""
"10023",09/01/2017,55.2,70.2,63.7,40.8,44.6,,10.4,44.7,312.08,0,20.83,,10,2.4,1019.1,"",40.775921,-73.982607,"10023, USA",""
"10023",09/02/2017,54,66.9,61.2,47.3,61.6,,8.2,,67.88,0.4,16.67,,9,25.6,1022.4,"Mist, Heavy Rain, Light Rain",40.775921,-73.982607,"10023, USA",""
"10023",09/03/2017,57.9,69.3,63.2,59.6,88.71,,11.4,48.3,175.12,0.8,54.17,,7.1,85.6,1013.5,"Mist, Heavy Rain, Light Rain",40.775921,-73.982607,"10023, USA",""
"10023",09/04/2017,62,79.2,70.1,56.9,64.6,,12.6,37.8,242.12,0,8.33,,10,1.9,1013.2,"",40.775921,-73.982607,"10023, USA",""
"10023",09/05/2017,69.2,84,75.6,65.2,70.88,87.8,8,41.4,216.83,0,4.17,,9.1,26.5,1008.9,"",40.775921,-73.982607,"10023, USA",""
"10023",09/06/2017,62,74,66.5,61.5,84.29,,9.7,39.1,215.22,0.4,45.83,,7.4,87.4,1011.3,"Mist, Rain, Light Rain",40.775921,-73.982607,"10023, USA",""
"10023",09/07/2017,59.2,71.1,64.9,55.7,74.32,,12.8,,241.79,0.1,20.83,,8.3,54.3,1012,"Mist, Light Rain",40.775921,-73.982607,"10023, USA",""
"10023",09/08/2017,59.2,70.2,64.8,49.6,58.67,,15,58.6,271.83,0,25,,10,21,1018.9,"",40.775921,-73.982607,"10023, USA",""
"10023",09/09/2017,55.3,69.2,61.8,48.2,62.21,,10.1,44.7,303,0,12.5,,10,18.7,1024.1,"",40.775921,-73.982607,"10023, USA",""
"10023",09/10/2017,57,71.9,64.1,49.1,59.81,,11.3,42.5,175.43,0,4.17,,10,8,1027.3,"",40.775921,-73.982607,"10023, USA",""
"10023",09/11/2017,55.3,75.9,66,48.4,55.21,,7,35.6,193.67,0,0,,10,1,1024.7,"",40.775921,-73.982607,"10023, USA",""
"10023",09/12/2017,60.3,81,69.9,54.7,60.05,80.8,4.7,50.6,226.56,0,0,,10,3.7,1016.3,"",40.775921,-73.982607,"10023, USA",""
"10023",09/13/2017,64.2,82.1,71.4,61.1,71.4,82.5,8.6,57.5,247.96,0.1,20.83,,9.8,41.8,1012.3,"Light Rain",40.775921,-73.982607,"10023, USA",""
"10023",09/14/2017,70.1,80.9,74.4,66.7,77.98,83,11.5,,221.5,0,4.17,,9.2,72.7,1011.7,"Mist",40.775921,-73.982607,"10023, USA",""
"10023",09/15/2017,66.9,80.9,74.3,63.6,70.06,82.5,5.9,42.5,230.83,0,8.33,,10,41.5,1016.6,"",40.775921,-73.982607,"10023, USA",""
"10023",09/16/2017,70.1,82,74.1,67.8,81.39,84.9,7,49.4,91.09,0,4.17,,6.2,34,1020.2,"Mist, Smoke Or Haze",40.775921,-73.982607,"10023, USA",""
"10023",09/17/2017,69.2,80,73,66.3,80.64,81.4,7,,129.48,0,0,,5.5,53.1,1020.4,"Mist, Smoke Or Haze",40.775921,-73.982607,"10023, USA",""
"10023",09/18/2017,69.2,73.2,71,65.5,83.14,,11.5,,63.38,0,0,,9.2,95.4,1019.5,"Mist, Light Drizzle, Light Rain",40.775921,-73.982607,"10023, USA",""
"10023",09/19/2017,69.3,78.1,72.2,65.3,79.35,,16.3,33.3,51.79,0.2,20.83,,9.5,97.3,1014.9,"Mist, Rain, Light Rain, Smoke Or Haze",40.775921,-73.982607,"10023, USA",""
"10023",09/20/2017,71,78.2,74.8,63.8,68.92,,11.5,41.4,208,0,16.67,,10,61.7,1011.5,"",40.775921,-73.982607,"10023, USA",""
"10023",09/21/2017,71,80,75.4,63.2,66.38,81.1,9.8,55.3,250.42,0,12.5,,10,3.8,1015.4,"Squalls",40.775921,-73.982607,"10023, USA",""
"10023",09/22/2017,66,82.1,74.3,52.9,47.64,81.8,10.3,37.8,166.62,0,12.5,,10,13,1015.4,"",40.775921,-73.982607,"10023, USA",""
"10023",09/23/2017,68.2,86.2,77.1,52.9,44.87,83.7,10.4,40.3,216.96,0,8.33,,10,6.5,1016.3,"",40.775921,-73.982607,"10023, USA",""
"10023",09/24/2017,69.3,89.9,78.7,61.5,56.89,91.4,5.7,50.6,129.7,0,0,,10,0.2,1017.5,"",40.775921,-73.982607,"10023, USA",""
"10023",09/25/2017,71,87.1,77.9,64.6,64.68,89.5,10.4,43.6,101.05,0,0,,9.9,0.3,1017.1,"",40.775921,-73.982607,"10023, USA",""
"10023",09/26/2017,69.2,82.1,73.8,65.8,76.8,84,8.6,55.3,89.09,0,4.17,,9.7,23.7,1016.3,"Smoke Or Haze",40.775921,-73.982607,"10023, USA",""
"10023",09/27/2017,69.3,84.8,76.6,68.9,77.96,90,7.1,43.6,57.75,0,0,,10,23.5,1011.6,"",40.775921,-73.982607,"10023, USA",""
"10023",09/28/2017,62,78.2,72.4,55.7,59.29,,13.9,59.7,256,0,12.5,,9.6,29.4,1008.7,"Mist, Fog",40.775921,-73.982607,"10023, USA",""
"10023",09/29/2017,55.2,66.9,61.3,43.8,53.34,,7.1,50.6,257,0,12.5,,10,19.2,1016.6,"",40.775921,-73.982607,"10023, USA",""
"10023",09/30/2017,55.2,64.2,59.5,48.3,66.71,,11.6,40.3,190.12,0,0,,10,83.2,1020.4,"",40.775921,-73.982607,"10023, USA",""
"10023",10/01/2017,50.3,66.9,59,43.7,59.24,,11.4,35.6,131.42,0,8.33,,10,22,1027.4,"",40.775921,-73.982607,"10023, USA",""
"10023",10/02/2017,52.3,72,61.7,42.8,52.73,,6,47.2,181.86,0,4.17,,10,0.2,1029,"Light Rain",40.775921,-73.982607,"10023, USA",""
"10023",10/03/2017,57.1,70.1,62.2,49.1,63.19,,5.9,,122.87,0,0,,10,16,1035.3,"",40.775921,-73.982607,"10023, USA",""
"10023",10/04/2017,56.1,75,65.3,53.3,66.23,,13.3,39.1,235.25,0,8.33,,10,0.6,1028.3,"",40.775921,-73.982607,"10023, USA",""
"10023",10/05/2017,65,82.2,72.4,59,63.79,83,12.1,49.4,243.29,0,4.17,,9.8,48.9,1019.4,"Light Rain",40.775921,-73.982607,"10023, USA",""
"10023",10/06/2017,69.2,80.9,73,62.2,70.98,81.1,10.4,48.3,237.62,0,12.5,,9.7,23.9,1018.3,"Light Rain",40.775921,-73.982607,"10023, USA",""
"10023",10/07/2017,66,80,72.6,65.1,78.44,81.4,9.3,29.8,138.17,0,0,,8.4,20.1,1018.6,"Mist, Smoke Or Haze",40.775921,-73.982607,"10023, USA",""
"10023",10/08/2017,71.9,77.1,74.6,70.2,86.44,,10.3,49.4,216.92,0.2,29.17,,8.9,68.5,1014.3,"Mist, Light Rain",40.775921,-73.982607,"10023, USA",""
"10023",10/09/2017,71.9,77.1,73.7,72,94.36,,18.4,35.6,198.33,0.3,41.67,,6.5,84.2,1013.1,"Mist, Light Drizzle, Light Rain",40.775921,-73.982607,"10023, USA",""
"10023",10/10/2017,66,80,73.5,61.5,67.4,80.9,10.4,45.9,298.21,0,20.83,,10,10.3,1017,"",40.775921,-73.982607,"10023, USA",""
"10023",10/11/2017,64.2,75,68.7,58.7,70.95,,9.4,45.9,61.08,0.1,16.67,,9.8,33.3,1019.9,"Mist, Light Rain",40.775921,-73.982607,"10023, USA",""
"10023",10/12/2017,56.2,63,59.9,50.4,72.05,,15.1,29.8,71.75,0.1,33.33,,9.6,65.6,1026.4,"Light Rain",40.775921,-73.982607,"10023, USA",""
"10023",10/13/2017,52.1,65.2,59.1,50.1,72.29,,10.3,32.2,57.54,0,12.5,,10,82.6,1029.2,"",40.775921,-73.982607,"10023, USA",""
"10023",10/14/2017,61.1,71,66.1,61.2,84.98,,6,29.8,124.38,0.1,20.83,,7.8,94.9,1023.5,"Mist, Light Drizzle, Rain, Light Rain",40.775921,-73.982607,"10023, USA",""
"10023",10/15/2017,65.1,71.9,68.8,62.7,81.24,,12.1,,219.67,0,0,,8.8,98.1,1015.6,"Mist, Light Drizzle",40.775921,-73.982607,"10023, USA",""
"10023",10/16/2017,48.9,69.2,58.7,45.1,61.39,,12.6,45.9,307.92,0,12.5,,9.6,38.1,1015.4,"Light Rain",40.775921,-73.982607,"10023, USA",""
"10023",10/17/2017,43.2,58,50.4,33,52.37,,10.9,51.7,201.59,0,0,,10,0.1,1025.4,"",40.775921,-73.982607,"10023, USA",""
"10023",10/18/2017,50.2,71.1,59.8,42,52.4,,8.6,52.8,241.87,0,0,,9.7,0,1025.5,"Smoke Or Haze",40.775921,-73.982607,"10023, USA",""
"10023",10/19/2017,56.1,70.2,63.3,44.4,51.32,,9.3,47.2,241.25,0,16.67,,9.9,0.6,1022.1,"",40.775921,-73.982607,"10023, USA",""
"10023",10/20/2017,57.9,73.2,64.9,38.4,41.43,,9.2,42.5,281.67,0,16.67,,9.8,0.7,1020.1,"",40.775921,-73.982607,"10023, USA",""
"10023",10/21/2017,57.1,78.2,65.8,38.8,38.04,,5.9,45.9,236.24,0,8.33,,10,0.8,1026,"",40.775921,-73.982607,"10023, USA",""
"10023",10/22/2017,57,75.8,65.7,48,54.76,,8.7,,195.18,0,0,,9.6,1.3,1028.5,"Smoke Or Haze",40.775921,-73.982607,"10023, USA",""
"10023",10/23/2017,62,73.1,67.4,61.1,80.83,,18.3,42.5,143.43,0,0,,9.7,72.5,1023.5,"",40.775921,-73.982607,"10023, USA",""
"10023",10/24/2017,66.9,73.2,69.3,66,89.26,,18.4,41.4,174.04,0.2,33.33,,6.6,98.3,1010.1,"Mist, Light Rain",40.775921,-73.982607,"10023, USA",""
"10023",10/25/2017,57.9,68.1,62.5,50.4,66.67,,5.9,50.6,250.5,0,37.5,,9.6,48.1,1006.1,"",40.775921,-73.982607,"10023, USA",""
"10023",10/26/2017,51.3,59.1,55.2,39.1,54.86,,9.2,44.7,297.08,0,16.67,,10,68.2,1006.1,"Light Rain",40.775921,-73.982607,"10023, USA",""
"10023",10/27/2017,48,62.1,54.5,37.7,54.13,,8.7,57.5,240.62,0,16.67,,10,0.4,1017.5,"",40.775921,-73.982607,"10023, USA",""
"10023",10/28/2017,55.2,68.1,61.7,49.5,66.01,,15.5,56.4,201.79,0,20.83,,9.9,27.2,1015.8,"",40.775921,-73.982607,"10023, USA",""
"10023",10/29/2017,60.2,66.8,63.2,61.6,94.7,,14,41.4,122.29,2.9,83.33,,5.1,90.1,1002.3,"Mist, Rain, Fog, Heavy Rain, Light Rain",40.775921,-73.982607,"10023, USA",""
"10023",10/30/2017,46.2,62,53.7,41.7,66.12,,19,51.7,267.22,0.4,41.67,,9.3,56.6,996.2,"Mist, Rain, Light Rain",40.775921,-73.982607,"10023, USA",""
"10023",10/31/2017,47.2,56.1,51.6,32.6,49.41,,17.2,48.3,263.08,0,16.67,,10,4.7,1017,"",40.775921,-73.982607,"10023, USA",""
"10023",11/01/2017,43.3,57,51,35.9,56.46,,7.1,44.7,110.46,0,16.67,,10,64.7,1025.9,"",40.775921,-73.982607,"10023, USA",""
"10023",11/02/2017,59.1,71.9,64.7,57.7,78.74,,7.5,44.7,171.57,0,16.67,,9.4,48.3,1023.6,"Mist",40.775921,-73.982607,"10023, USA",""
"10023",11/03/2017,53.1,73.2,65.6,55.2,70.17,,9.8,45.9,253.33,0,12.5,,9.9,21.6,1018.3,"",40.775921,-73.982607,"10023, USA",""
"10023",11/04/2017,46.2,55.2,51.2,36.1,56.73,,10.4,,127.67,0,4.17,,10,5.5,1026,"",40.775921,-73.982607,"10023, USA",""
"10023",11/05/2017,51.2,61.1,56.3,52.3,86.69,,9.2,,97.16,0,28,,7.6,97.1,1022.7,"Mist, Light Drizzle, Light Rain",40.775921,-73.982607,"10023, USA",""
"10023",11/06/2017,48,65.9,60.6,55,82.42,,9.8,48.3,250.38,0,8.33,,8.8,78.4,1014.5,"Mist, Light Drizzle, Light Rain",40.775921,-73.982607,"10023, USA",""
"10023",11/07/2017,39.9,48.9,44.3,35.2,71.45,,11.6,,119.62,0.7,29.17,,8.7,53.4,1021.5,"Mist, Rain, Light Rain",40.775921,-73.982607,"10023, USA",""
"10023",11/08/2017,39,48,43.6,36,74.96,,11.4,53.9,58.96,0,25,,10,84.8,1023.6,"Light Rain",40.775921,-73.982607,"10023, USA",""
"10023",11/09/2017,39.1,53.9,48.2,38.8,70.57,,6,,89.92,0,4.17,,9.8,61.6,1020.5,"Smoke Or Haze",40.775921,-73.982607,"10023, USA",""
"10023",11/10/2017,26.1,52.1,36.9,18.6,49.56,,15,41.3,305.42,0,16.67,,10,19,1023,"Light Rain",40.775921,-73.982607,"10023, USA",""
"10023",11/11/2017,24.3,37.3,30.7,10.2,43.35,,9.3,31.1,230,0,0,,10,0.9,1033.5,"",40.775921,-73.982607,"10023, USA",""
"10023",11/12/2017,32.3,46.2,39.4,22.3,50.93,,7,44.7,213.88,0,16.67,,10,9,1031.1,"",40.775921,-73.982607,"10023, USA",""
"10023",11/13/2017,39.9,47.1,43.6,34,69.46,,7,,66.75,0.1,20.83,,8.9,61.8,1026.7,"Mist, Light Rain, Smoke Or Haze",40.775921,-73.982607,"10023, USA",""
"10023",11/14/2017,36,47.1,41.6,32.2,69.46,,8,29.8,88.29,0,0,,10,56.3,1026.1,"",40.775921,-73.982607,"10023, USA",""
"10023",11/15/2017,37.2,48.9,43.9,32.9,65.31,,9.2,39.1,80.33,0,4.17,,10,63.3,1023.3,"",40.775921,-73.982607,"10023, USA",""
"10023",11/16/2017,44,57,51.1,41,69.37,,12.6,42.5,242.58,0.2,25,,9.6,65.3,1011.4,"Mist, Rain, Heavy Rain, Light Rain",40.775921,-73.982607,"10023, USA",""
"10023",11/17/2017,39,47.2,42.8,22.2,45.31,,15,52.8,300.17,0,16.67,,10,18.5,1016.9,"",40.775921,-73.982607,"10023, USA",""
"10023",11/18/2017,35.2,53.9,44.5,31.5,61.22,,8.2,,209.29,0.1,29.17,,9.6,39.2,1009.3,"Mist, Rain, Light Rain",40.775921,-73.982607,"10023, USA",""
"10023",11/19/2017,38.2,59.1,50.7,37.8,63.39,,19.7,44.7,269.12,0.2,33.33,,9.5,75.8,998.1,"Mist, Rain, Light Rain",40.775921,-73.982607,"10023, USA",""
"10023",11/20/2017,37.2,46.2,41.6,24.1,50.37,,15,57.5,268.75,0,25,,9.8,52.8,1015.9,"Light Snow",40.775921,-73.982607,"10023, USA",""
"10023",11/21/2017,42.2,57.9,49.7,30.9,49.15,,15.5,35.6,228.12,0,0,,10,1.2,1018.5,"",40.775921,-73.982607,"10023, USA",""
"10023",11/22/2017,36,55.1,48.6,37.8,67.28,,16.1,35.6,284.05,0.2,29.17,,9.1,59.7,1014.4,"Mist, Rain, Light Rain",40.775921,-73.982607,"10023, USA",""
"10023",11/23/2017,32.2,42.3,36.9,19.1,48.91,,10.4,41.4,288.71,0,4.17,,10,0.5,1017.9,"",40.775921,-73.982607,"10023, USA",""
"10023",11/24/2017,35.9,50.2,42.6,22.9,46.09,,8.1,,245.75,0,0,,10,0.2,1016,"",40.775921,-73.982607,"10023, USA",""
"10023",11/25/2017,43,57,49.8,31.6,50.02,,12.6,,240.79,0,0,,10,13.5,1008.2,"",40.775921,-73.982607,"10023, USA",""
"10023",11/26/2017,39.9,51.2,45,27.5,50.33,,19.7,34.4,289.25,0,0,,10,27.5,1012.8,"",40.775921,-73.982607,"10023, USA",""
"10023",11/27/2017,39,50.3,44,24.3,46.11,,14.8,45.9,285.75,0,8.33,,10,1.1,1018,"",40.775921,-73.982607,"10023, USA",""
"10023",11/28/2017,36,53,45,31.8,60.18,,11,39.1,144.5,0,12.5,,10,4.9,1027.5,"",40.775921,-73.982607,"10023, USA",""
"10023",11/29/2017,44,62.9,52.6,34,53.29,,14.4,56.4,255.12,0,25,,9.9,7.8,1020.7,"",40.775921,-73.982607,"10023, USA",""
"10023",11/30/2017,38.2,53,44.8,32.1,61.3,,8.3,41.4,95.42,0,8.33,,10,31.8,1023.1,"Light Rain",40.775921,-73.982607,"10023, USA",""
"10023",12/01/2017,43.1,51.3,47.5,34.5,62.12,,9.7,52.8,248.79,0,33.33,,10,22.1,1021,"Light Rain",40.775921,-73.982607,"10023, USA",""
"10023",12/02/2017,39,48,43.7,29.7,57.99,,7,52.8,86.42,0,4.17,,10,2.6,1024.9,"",40.775921,-73.982607,"10023, USA",""
"10023",12/03/2017,43.1,48,45.6,37.2,72.6,,4.8,,62.21,0,0,,9.9,79.8,1023.2,"Light Rain",40.775921,-73.982607,"10023, USA",""
"10023",12/04/2017,39.9,50.1,46,38.7,76.56,,10.3,39.1,102.74,0,4.17,,7.5,28,1029,"Mist, Smoke Or Haze",40.775921,-73.982607,"10023, USA",""
"10023",12/05/2017,50.1,61,55.6,49.2,79.45,,12.8,41.4,180.42,0.8,33.33,,8.5,80.2,1020,"Mist, Rain, Heavy Rain, Light Rain",40.775921,-73.982607,"10023, USA",""
"10023",12/06/2017,39.9,57.8,45.7,26.6,49.6,,13.9,48.3,265.96,0,25,,10,35.8,1013.8,"",40.775921,-73.982607,"10023, USA",""
"10023",12/07/2017,37.2,44,41,19.8,42.88,,13.8,47.2,260.71,0,0,,10,27.1,1015.5,"",40.775921,-73.982607,"10023, USA",""
"10023",12/08/2017,34.1,39,36.2,17.8,47.11,,11,49.4,272.83,0,12.5,,10,30.7,1017.2,"",40.775921,-73.982607,"10023, USA",""
"10023",12/09/2017,30,35.1,32.8,24.2,74,,7.1,,188.48,0.4,54.17,3.9,4.7,85.8,1010.8,"Light Snow, Mist, Rain, Fog, Light Rain, Snow",40.775921,-73.982607,"10023, USA",""
"10023",12/10/2017,29.1,39,33.9,23.2,66.09,,16.7,31.1,266.38,0,4.17,3.9,7,31.5,1011.9,"Mist, Smoke Or Haze",40.775921,-73.982607,"10023, USA",""
"10023",12/11/2017,33.2,41.2,37,22,54.92,,10.3,55.3,255.29,0,25,2,10,53.3,1015.8,"",40.775921,-73.982607,"10023, USA",""
"10023",12/12/2017,32.2,50.1,42.9,32,65.44,,15.5,48.3,228.75,0,0,,9.8,89.8,1001.9,"Light Snow, Light Rain",40.775921,-73.982607,"10023, USA",""
"10023",12/13/2017,20.1,31,25.9,5.7,42.27,,17.4,47.2,279.67,0,25,,10,42.5,1001.1,"",40.775921,-73.982607,"10023, USA",""
"10023",12/14/2017,24.2,31,26.9,15.7,65.13,,13.8,51.7,226.5,0.1,25,1.2,7.5,52.8,1008,"Light Snow, Mist, Rain, Light Rain, Smoke Or Haze",40.775921,-73.982607,"10023, USA",""
"10023",12/15/2017,20.2,28.1,23.6,12.8,63.99,,11.5,,287.33,0.1,20.83,1.2,7.8,37,1016.3,"Light Snow, Mist, Rain, Fog, Snow",40.775921,-73.982607,"10023, USA",""
"10023",12/16/2017,23.2,38.9,31.5,20.1,62.93,,16.7,32.2,258.5,0,0,1.2,9.3,57.2,1016.5,"",40.775921,-73.982607,"10023, USA",""
"10023",12/17/2017,32.2,37.2,34.7,22.7,61.43,,6,32.2,145.58,0,0,,10,69.7,1024.3,"",40.775921,-73.982607,"10023, USA",""
"10023",12/18/2017,34.1,47,40.5,31.8,71.58,,10.2,,160.48,0,8.33,,8.9,95.4,1017.8,"Rain, Light Rain",40.775921,-73.982607,"10023, USA",""
"10023",12/19/2017,44.9,55.2,50.5,35.8,57.72,,15.1,34.4,253.67,0,0,,9.9,54.6,1010.3,"Smoke Or Haze",40.775921,-73.982607,"10023, USA",""
"10023",12/20/2017,35,51.2,43.4,21.4,41.74,,12.9,33.3,297.5,0,0,,10,20.2,1012,"",40.775921,-73.982607,"10023, USA",""
"10023",12/21/2017,33.2,39.1,35.9,16.4,44.97,,8.6,32.2,260.33,0,4.17,,10,8.7,1021.8,"",40.775921,-73.982607,"10023, USA",""
"10023",12/22/2017,35.9,50,41,28.3,61.16,,8.2,,82.5,0,0,,9.9,75.7,1023,"",40.775921,-73.982607,"10023, USA",""
"10023",12/23/2017,38.1,48.1,41.7,39.7,92.5,,9.3,,146.92,0.5,66.67,,4.6,95,1012.2,"Mist, Rain, Light Rain",40.775921,-73.982607,"10023, USA",""
"10023",12/24/2017,35.9,41.1,38.7,27.8,65.06,,11.6,31.1,155.58,0,4.17,,9.9,28.8,1019.3,"Light Rain",40.775921,-73.982607,"10023, USA",""
"10023",12/25/2017,28.2,38.1,34,21.6,63.87,,21.2,41.8,236.04,0.2,37.5,,8.3,59.3,1012.1,"Mist, Light Snow, Rain, Light Rain",40.775921,-73.982607,"10023, USA",""
"10023",12/26/2017,24.2,28.2,25.8,2.3,35.81,,14.9,35.6,282.92,0,4.17,,10,1.2,1028,"",40.775921,-73.982607,"10023, USA",""
"10023",12/27/2017,17.9,24.3,21,0.8,41,,11.4,32.2,302.29,0,0,,10,33.9,1031.8,"",40.775921,-73.982607,"10023, USA",""
"10023",12/28/2017,12,18,15.3,-3.8,42.51,,12.8,44.7,302.67,0,33.33,,10,0.5,1032.6,"",40.775921,-73.982607,"10023, USA",""
"10023",12/29/2017,11.1,21.9,16.3,0.6,49.64,,10.4,52.8,293.88,0,37.5,,10,32.2,1025.8,"",40.775921,-73.982607,"10023, USA",""
"10023",12/30/2017,17.9,23.1,20.6,10.3,64.84,,11.5,42.5,271.5,0.1,16.67,1.2,7.4,62.2,1017.9,"Light Snow, Mist, Rain, Smoke Or Haze, Snow",40.775921,-73.982607,"10023, USA",""
